{
"~022074982848823932703": 1783560336.4999714,
"~022074982810024778489": 1783560336.4999714,
"~022075027484933691724": 1783560336.4999714,
"~022075027767871108904": 1783560336.4999714,
"~022075027853870506379": 1783560336.4999714,
"~022075027216517468913": 1783560336.4999714,
"~022075027239574892912": 1783560336.4999714,
"~022075027182237218600": 1783560336.4999714,
"~022075027290491593099": 1783560336.4999714,
"~022075027482914953977": 1783560336.4999714,
"~022075026102975078795": 1783560336.4999714,
"~022075027078424664825": 1783560336.4999714,
"~022075027514870895345": 1783560336.4999714,
"~022075026905364361584": 1783560336.4999714,
"~022074981737600057260": 1783560336.4999714,
"~022074981634538805580": 1783560336.4999714,
"~022074981548634079148": 1783560336.4999714,
"~022075026534775093032": 1783560336.4999714,
"~022075026667910078859": 1783560336.4999714,
"~022074981490536331039": 1783560336.4999714,
"~022074981257713742192": 1783560336.4999714,
"~022074981617046819569": 1783560336.4999714,
"~022075026514720438047": 1783560336.4999714,
"~022075026359097425836": 1783560336.4999714,
"~022075026353147459359": 1783560336.4999714,
"~022075026052510028529": 1783560336.4999714,
"~022074981349632317772": 1783560336.4999714,
"~022075026591738691500": 1783560336.4999714,
"~022074980460467952377": 1783560336.4999714,
"~022075025985166835628": 1783560336.4999714,
"~022074980522633574175": 1783560336.4999714,
"~022075025369478313759": 1783560336.4999714,
"~022074979872588833163": 1783560336.4999714,
"~022075024988658834169": 1783560336.4999714,
"~022075024978478797553": 1783560336.4999714,
"~022075024975102934956": 1783560336.4999714,
"~022074980296848244652": 1783560336.4999714,
"~022075024729102055208": 1783560336.4999714,
"~022075024699053449611": 1783560336.4999714,
"~022074979745011964665": 1783560336.4999714,
"~022074979679639081713": 1783560336.4999714,
"~022075022734654289695": 1783560336.4999714,
"~022074979135814013681": 1783560336.4999714,
"~022074979006196621707": 1783560336.4999714,
"~022075024041913020784": 1783560336.4999714,
"~022075024260225005352": 1783560336.4999714,
"~022075024173220869919": 1783560336.4999714,
"~022075017710872147743": 1783560336.4999714,
"~022074978930025234348": 1783560336.4999714,
"~022075023862395935481": 1783560336.4999714,
"~022075023917425295276": 1783560336.4999714,
"~022075023892242694060": 1783560336.4999714,
"~022075023778855065932": 1783560336.4999714,
"~022075023482995308328": 1783560336.4999714,
"~022074978581407177465": 1783560336.4999714,
"~022075023288526607089": 1783560336.4999714,
"~022075023169501983088": 1783560336.4999714,
"~022075023387447375648": 1783560336.4999714,
"~022075023583606585119": 1783560336.4999714,
"~022074978213826098984": 1783560336.4999714,
"~022075023057112381215": 1783560336.4999714,
"~022075023018888720752": 1783560336.4999714,
"~022075022503113007499": 1783560336.4999714,
"~022075022855541551472": 1783560336.4999714,
"~022075022648287073009": 1783560336.4999714,
"~022075022911572475820": 1783560336.4999714,
"~022075023080677668648": 1783560336.4999714,
"~022075022536769379065": 1783560336.4999714,
"~022075021908622897520": 1783560336.4999714,
"~022075021737172332912": 1783560336.4999714,
"~022075022210288950009": 1783560336.4999714,
"~022075022239889430860": 1783560336.4999714,
"~022075022270774343464": 1783560336.4999714,
"~022074977218601034123": 1783560336.4999714,
"~022075022683623880488": 1783560336.4999714,
"~022075021918675309297": 1783560336.4999714,
"~022075022377016819628": 1783560336.4999714,
"~022075021948219171211": 1783560336.4999714,
"~022074976971507012337": 1783560336.4999714,
"~022075022039773254385": 1783560336.4999714,
"~022075021632252221772": 1783560336.4999714,
"~022075021632695631788": 1783560336.4999714,
"~022075021550927675308": 1783560336.4999714,
"~022075021537472256761": 1783560336.4999714,
"~022075021382871488844": 1783560336.4999714,
"~022075021403197086028": 1783560336.4999714,
"~022075021050358464428": 1783560336.4999714,
"~022075021035889866527": 1783560336.4999714,
"~022075021366993494411": 1783560336.4999714,
"~022075020978267953484": 1783560336.4999714,
"~022075020837544456560": 1783560336.4999714,
"~022075021691097120684": 1783560336.4999714,
"~022075021359898099628": 1783560336.4999714,
"~022075021086121927051": 1783560336.4999714,
"~022075020682425728940": 1783560336.4999714,
"~022075020699569035596": 1783560336.4999714,
"~022074975337668523807": 1783560336.4999714,
"~022075020540884746156": 1783560336.4999714,
"~022075020500062368112": 1783560336.4999714,
"~022075020521033014009": 1783560336.4999714
}